数据集,操作,设备,平均耗时(ms),标准差(ms),方差(ms²)
Cora,spmm_sum,NPU,0.4037141799926758,0.014720894475447034,0.000216704734157247
PubMed,spmm_sum,NPU,0.8714914321899414,0.016923302759382676,0.0002863981762857293
