数据集,操作,设备,平均耗时(ms),标准差(ms),方差(ms²)
PubMed,spmm_sum,NPU,0.8694934844970703,0.01719067991419893,0.00029551947591244243
